Avatar,Bust Thumbnail,GLB Thumbnail,Models,Markdown
0g,0g/thumb-bust_0g.png,0g/thumb-glb_0g.png,[0g.glb](0g/0g.glb) / [0g.vrm](0g/0g.vrm),[0g.md](0g/0g.md)
8ball,8ball/thumb-bust_8ball.png,8ball/thumb-glb_8ball.png,[8ball.glb](8ball/8ball.glb) / [8ball.vrm](8ball/8ball.vrm),[8ball.md](8ball/8ball.md)
aave,aave/thumb-bust_aave.png,aave/thumb-glb_aave.png,[aave.glb](aave/aave.glb),[aave.md](aave/aave.md)
aavegotchi,aavegotchi/thumb-bust_aavegotchi.png,aavegotchi/thumb-glb_aavegotchi.png,[aavegotchi.glb](aavegotchi/aavegotchi.glb),[aavegotchi.md](aavegotchi/aavegotchi.md)
arbitrum,arbitrum/thumb-bust_arbitrum.png,arbitrum/thumb-glb_arbitrum.png,[arbitrum.glb](arbitrum/arbitrum.glb) / [arbitrum.vrm](arbitrum/arbitrum.vrm),[arbitrum.md](arbitrum/arbitrum.md)
aura,aura/thumb-bust_aura.png,aura/thumb-glb_aura.png,[aura.glb](aura/aura.glb) / [aura.vrm](aura/aura.vrm),[aura.md](aura/aura.md)
balancer,balancer/thumb-bust_balancer.png,balancer/thumb-glb_balancer.png,[balancer.glb](balancer/balancer.glb) / [balancer.vrm](balancer/balancer.vrm),[balancer.md](balancer/balancer.md)
beam,beam/thumb-bust_beam.png,beam/thumb-glb_beam.png,[beam.glb](beam/beam.glb) / [beam.vrm](beam/beam.vrm),[beam.md](beam/beam.md)
beff-ai,beff-ai/thumb-bust_beff-ai.png,beff-ai/thumb-glb_beff-ai.png,[beff-ai.glb](beff-ai/beff-ai.glb) / [beff-ai.vrm](beff-ai/beff-ai.vrm),[beff-ai.md](beff-ai/beff-ai.md)
berachain,berachain/thumb-bust_berachain.png,berachain/thumb-glb_berachain.png,[berachain.glb](berachain/berachain.glb) / [berachain.vrm](berachain/berachain.vrm),[berachain.md](berachain/berachain.md)
celestia,celestia/thumb-bust_celestia.png,celestia/thumb-glb_celestia.png,[celestia.glb](celestia/celestia.glb) / [celestia.vrm](celestia/celestia.vrm),[celestia.md](celestia/celestia.md)
collab-land,collab-land/thumb-bust_collab-land.png,collab-land/thumb-glb_collab-land.png,[collab-land.glb](collab-land/collab-land.glb) / [collab-land.vrm](collab-land/collab-land.vrm),[collab-land.md](collab-land/collab-land.md)
compound,compound/thumb-bust_compound.png,compound/thumb-glb_compound.png,[compound.glb](compound/compound.glb) / [compound.vrm](compound/compound.vrm),[compound.md](compound/compound.md)
cowdao,cowdao/thumb-bust_cowdao.png,cowdao/thumb-glb_cowdao.png,[cowdao.glb](cowdao/cowdao.glb) / [cowdao.vrm](cowdao/cowdao.vrm),[cowdao.md](cowdao/cowdao.md)
curve,curve/thumb-bust_curve.png,curve/thumb-glb_curve.png,[curve.glb](curve/curve.glb) / [curve.vrm](curve/curve.vrm),[curve.md](curve/curve.md)
dydx,dydx/thumb-bust_dydx.png,dydx/thumb-glb_dydx.png,[dydx.glb](dydx/dydx.glb) / [dydx.vrm](dydx/dydx.vrm),[dydx.md](dydx/dydx.md)
eigenlayer,eigenlayer/thumb-bust_eigenlayer.png,eigenlayer/thumb-glb_eigenlayer.png,[eigenlayer.glb](eigenlayer/eigenlayer.glb) / [eigenlayer.vrm](eigenlayer/eigenlayer.vrm),[eigenlayer.md](eigenlayer/eigenlayer.md)
eliza,eliza/thumb-bust_eliza.png,eliza/thumb-glb_eliza.png,[eliza.glb](eliza/eliza.glb) / [eliza.vrm](eliza/eliza.vrm),[eliza.md](eliza/eliza.md)
emblem-vault,,,,
ens,ens/thumb-bust_ens.png,ens/thumb-glb_ens.png,[ens.glb](ens/ens.glb) / [ens.vrm](ens/ens.vrm),[ens.md](ens/ens.md)
etherfi,etherfi/thumb-bust_etherfi.png,etherfi/thumb-glb_etherfi.png,[etherfi.glb](etherfi/etherfi.glb) / [etherfi.vrm](etherfi/etherfi.vrm),[etherfi.md](etherfi/etherfi.md)
euler,euler/thumb-bust_euler.png,euler/thumb-glb_euler.png,[euler.glb](euler/euler.glb) / [euler.vrm](euler/euler.vrm),[euler.md](euler/euler.md)
flashbots,flashbots/thumb-bust_flashbots.png,flashbots/thumb-glb_flashbots.png,[flashbots.glb](flashbots/flashbots.glb) / [flashbots.vrm](flashbots/flashbots.vrm),[flashbots.md](flashbots/flashbots.md)
fluid,fluid/thumb-bust_fluid.png,fluid/thumb-glb_fluid.png,[fluid.glb](fluid/fluid.glb) / [fluid.vrm](fluid/fluid.vrm),[fluid.md](fluid/fluid.md)
frax,frax/thumb-bust_frax.png,frax/thumb-glb_frax.png,[frax.glb](frax/frax.glb) / [frax.vrm](frax/frax.vrm),[frax.md](frax/frax.md)
fuel,fuel/thumb-bust_fuel.png,fuel/thumb-glb_fuel.png,[fuel.glb](fuel/fuel.glb) / [fuel.vrm](fuel/fuel.vrm),[fuel.md](fuel/fuel.md)
gitcoin,gitcoin/thumb-bust_gitcoin.png,gitcoin/thumb-glb_gitcoin.png,[gitcoin.glb](gitcoin/gitcoin.glb) / [gitcoin.vrm](gitcoin/gitcoin.vrm),[gitcoin.md](gitcoin/gitcoin.md)
gmx,gmx/thumb-bust_gmx.png,gmx/thumb-glb_gmx.png,[gmx.glb](gmx/gmx.glb) / [gmx.vrm](gmx/gmx.vrm),[gmx.md](gmx/gmx.md)
gnon,gnon/thumb-bust_gnon.png,gnon/thumb-glb_gnon.png,[gnon.glb](gnon/gnon.glb) / [gnon.vrm](gnon/gnon.vrm),[gnon.md](gnon/gnon.md)
gnosis,gnosis/thumb-bust_gnosis.png,gnosis/thumb-glb_gnosis.png,[gnosis.glb](gnosis/gnosis.glb) / [gnosis.vrm](gnosis/gnosis.vrm),[gnosis.md](gnosis/gnosis.md)
heurist,,,,
hyperfy,hyperfy/thumb-bust_hyperfy.png,hyperfy/thumb-glb_hyperfy.png,[hyperfy.glb](hyperfy/hyperfy.glb) / [hyperfy.vrm](hyperfy/hyperfy.vrm),[hyperfy.md](hyperfy/hyperfy.md)
jupiter,jupiter/thumb-bust_jupiter.png,jupiter/thumb-glb_jupiter.png,[jupiter.glb](jupiter/jupiter.glb) / [jupiter.vrm](jupiter/jupiter.vrm),[jupiter.md](jupiter/jupiter.md)
lido,lido/thumb-bust_lido.png,lido/thumb-glb_lido.png,[lido.glb](lido/lido.glb) / [lido.vrm](lido/lido.vrm),[lido.md](lido/lido.md)
magic-eden,magic-eden/thumb-bust_magic-eden.png,magic-eden/thumb-glb_magic-eden.png,[magic-eden.glb](magic-eden/magic-eden.glb) / [magic-eden.vrm](magic-eden/magic-eden.vrm),[magic-eden.md](magic-eden/magic-eden.md)
marc,marc/thumb-bust_marc.png,marc/thumb-glb_marc.png,[marc.glb](marc/marc.glb) / [marc.vrm](marc/marc.vrm),[marc.md](marc/marc.md)
moonwell,moonwell/thumb-bust_moonwell.png,moonwell/thumb-glb_moonwell.png,[moonwell.glb](moonwell/moonwell.glb) / [moonwell.vrm](moonwell/moonwell.vrm),[moonwell.md](moonwell/moonwell.md)
morpho,morpho/thumb-bust_morpho.png,morpho/thumb-glb_morpho.png,[morpho.glb](morpho/morpho.glb) / [morpho.vrm](morpho/morpho.vrm),[morpho.md](morpho/morpho.md)
nifty-island,nifty-island/thumb-bust_nifty-island.png,nifty-island/thumb-glb_nifty-island.png,[nifty-island.glb](nifty-island/nifty-island.glb) / [nifty-island.vrm](nifty-island/nifty-island.vrm),[nifty-island.md](nifty-island/nifty-island.md)
octant,octant/thumb-bust_octant.png,octant/thumb-glb_octant.png,[octant.glb](octant/octant.glb),[octant.md](octant/octant.md)
optimism,optimism/thumb-bust_optimism.png,optimism/thumb-glb_optimism.png,[optimism.glb](optimism/optimism.glb) / [optimism.vrm](optimism/optimism.vrm),[optimism.md](optimism/optimism.md)
paladin,paladin/thumb-bust_paladin.png,paladin/thumb-glb_paladin.png,[paladin.glb](paladin/paladin.glb) / [paladin.vrm](paladin/paladin.vrm),[paladin.md](paladin/paladin.md)
peepo,peepo/thumb-bust_peepo.png,peepo/thumb-glb_peepo.png,[peepo.glb](peepo/peepo.glb) / [peepo.vrm](peepo/peepo.vrm),[peepo.md](peepo/peepo.md)
polygon,polygon/thumb-bust_polygon.png,polygon/thumb-glb_polygon.png,[polygon.glb](polygon/polygon.glb) / [polygon.vrm](polygon/polygon.vrm),[polygon.md](polygon/polygon.md)
reserve,reserve/thumb-bust_reserve.png,reserve/thumb-glb_reserve.png,[reserve.glb](reserve/reserve.glb) / [reserve.vrm](reserve/reserve.vrm),[reserve.md](reserve/reserve.md)
rocketpool,rocketpool/thumb-bust_rocketpool.png,rocketpool/thumb-glb_rocketpool.png,[rocketpool.glb](rocketpool/rocketpool.glb) / [rocketpool.vrm](rocketpool/rocketpool.vrm),[rocketpool.md](rocketpool/rocketpool.md)
ropraito,ropraito/thumb-bust_ropraito.png,ropraito/thumb-glb_ropraito.png,[ropraito.glb](ropraito/ropraito.glb) / [ropraito.vrm](ropraito/ropraito.vrm),[ropraito.md](ropraito/ropraito.md)
safe,safe/thumb-bust_safe.png,safe/thumb-glb_safe.png,[safe.glb](safe/safe.glb) / [safe.vrm](safe/safe.vrm),[safe.md](safe/safe.md)
scroll,scroll/thumb-bust_scroll.png,scroll/thumb-glb_scroll.png,[scroll.glb](scroll/scroll.glb) / [scroll.vrm](scroll/scroll.vrm),[scroll.md](scroll/scroll.md)
shaw-ai,shaw-ai/thumb-bust_shaw-ai.png,shaw-ai/thumb-glb_shaw-ai.png,[shaw-ai.glb](shaw-ai/shaw-ai.glb) / [shaw-ai.vrm](shaw-ai/shaw-ai.vrm),[shaw-ai.md](shaw-ai/shaw-ai.md)
sky,sky/thumb-bust_sky.png,sky/thumb-glb_sky.png,[sky.glb](sky/sky.glb),[sky.md](sky/sky.md)
soleng,soleng/thumb-bust_soleng.png,soleng/thumb-glb_soleng.png,[soleng.glb](soleng/soleng.glb) / [soleng.vrm](soleng/soleng.vrm),[soleng.md](soleng/soleng.md)
spartan,spartan/thumb-bust_spartan.png,spartan/thumb-glb_spartan.png,[spartan.glb](spartan/spartan.glb) / [spartan.vrm](spartan/spartan.vrm),[spartan.md](spartan/spartan.md)
spectra,spectra/thumb-bust_spectra.png,spectra/thumb-glb_spectra.png,[spectra.glb](spectra/spectra.glb) / [spectra.vrm](spectra/spectra.vrm),[spectra.md](spectra/spectra.md)
superfluid,superfluid/thumb-bust_superfluid.png,superfluid/thumb-glb_superfluid.png,[superfluid.glb](superfluid/superfluid.glb),[superfluid.md](superfluid/superfluid.md)
the-graph,the-graph/thumb-bust_the-graph.png,the-graph/thumb-glb_the-graph.png,[the-graph.glb](the-graph/the-graph.glb) / [the-graph.vrm](the-graph/the-graph.vrm),[the-graph.md](the-graph/the-graph.md)
tron,tron/thumb-bust_tron.png,tron/thumb-glb_tron.png,[tron.glb](tron/tron.glb) / [tron.vrm](tron/tron.vrm),[tron.md](tron/tron.md)
uniswap,uniswap/thumb-bust_uniswap.png,uniswap/thumb-glb_uniswap.png,[uniswap.glb](uniswap/uniswap.glb) / [uniswap.vrm](uniswap/uniswap.vrm),[uniswap.md](uniswap/uniswap.md)
venus,venus/thumb-bust_venus.png,venus/thumb-glb_venus.png,[venus.glb](venus/venus.glb) / [venus.vrm](venus/venus.vrm),[venus.md](venus/venus.md)
vitalik,vitalik/thumb-bust_vitalik.png,vitalik/thumb-glb_vitalik.png,[vitalik.glb](vitalik/vitalik.glb) / [vitalik.vrm](vitalik/vitalik.vrm),[vitalik.md](vitalik/vitalik.md)
zerebro,zerebro/thumb-bust_zerebro.png,zerebro/thumb-glb_zerebro.png,[zerebro.glb](zerebro/zerebro.glb) / [zerebro.vrm](zerebro/zerebro.vrm),[zerebro.md](zerebro/zerebro.md)
